{
  "停机保号": 0,
  "密码重置": 1,
  "宽泛业务问题": 2,
  "亲情号码设置与修改": 3,
  "固话密码修改": 4,
  "来电显示开通": 5,
  "亲情号码查询": 6,
  "密码修改": 7,
  "无线套餐变更": 8,
  "月返费查询": 9,
  "移动密码修改": 10,
  "固定宽带服务密码修改": 11,
  "UIM反查手机号": 12,
  "有限宽带障碍报修": 13,
  "畅聊套餐变更": 14,
  "呼叫转移设置": 15,
  "短信套餐取消": 16,
  "套餐余量查询": 17,
  "紧急停机": 18,
  "VIP密码修改": 19,
  "移动密码重置": 20,
  "彩信套餐变更": 21,
  "积分查询": 22,
  "话费查询": 23,
  "短信套餐开通立即生效": 24,
  "固话密码重置": 25,
  "解挂失": 26,
  "挂失": 27,
  "无线宽带密码修改": 28
}